parts_unblocked,manufacturer,series,datasheet_url,example_parts
108,YAGEO,14H,https://yageogroup.com/content/datasheet/asset/file/14H_1,"471KH14-P10, 471KH14, 471KH14-F, 471KH14-O"
86,YAGEO,14D,//mm.digikey.com/Volume0/opasdata/d220001/medias/docus/8932/14D_1.pdf,"471KD14-TR, 471KD14, 471KD14-P10, 471KD14-F"
81,Littelfuse Inc.,C-III; LT,https://www.littelfuse.com/assetdocs/varistors-c-iii-datasheet?assetguid=39cf43c8-153a-4f48-b2c1-03b4a0166100,"V300LA10CP, V300LS10CP, V300LT10CP, V300LU10CP"
60,Littelfuse Inc.,UltraMOV™,https://www.littelfuse.com/assetdocs/littelfuse_varistor_ultramov_datasheet.pdf?assetguid=00498970-451b-4e23-a419-f1ff8625d2a0,"V10E300P, V10E300PL1T, V10E300PL2T7, V10E300PL2B7"
40,Littelfuse Inc.,HMOV™; HMOV™ Varistor; UltraMOV™,https://www.littelfuse.com/assetdocs/littelfuse-varistors-hmov-datasheet?assetguid=19712a7a-9371-4973-bba5-3501b24e1529,"V10H300P, V10H300PL2B, V10H300PL1T, V10H300PL2T"
38,TDK,"AdvanceD; AdvanceD MP; AdvanceD-MP, S14; StandarD",https://product.tdk.com/en/system/files/dam/doc/product/protection/voltage/lead-disk-varistor/data_sheet/70/db/var/siov_snf_automotive.pdf,"B72210S2301K362, B72210S2301K351, B72210S2301K502, B72210S2301K371"
37,Littelfuse Inc.,AUMOV®; LA; LC; LS; LT; LU,https://www.littelfuse.com/assetdocs/littelfuse-varistor-la-datasheet?assetguid=f7c547ce-c2fa-4789-86cc-ec39a5060afb,"V300LC20AP, V300LS20AP, V300LT20AP, V300LS20APX2855"
31,Littelfuse Inc.,TMOV®; iTMOV®,https://www.littelfuse.com/assetdocs/tmov-itmov?assetguid=bd475732-1071-4352-b8aa-f78b0007eb05,"TMOV14RP300E, TMOV14RP300EL2T7, TMOV14RP300EL3T7, TMOV14RP300ML2B7"
22,TDK,StandarD,https://www.tdk-electronics.tdk.com/inf/70/db/var/SIOV_Leaded_StandarD.pdf?ref_disty=digikey,"B72214S0301K101, B72214S0301K502, B72214S0301K151, B72214S0301K551"
16,Littelfuse Inc.,Xtreme Varistor,https://www.littelfuse.com/assetdocs/littelfuse_varistor_xtreme_datasheet.pdf?assetguid=644323ff-c45d-4c6a-8e5e-9cfa0dce088b,"V10X300E, V11X300E, V14X300E, V20X300E"
16,Vishay Beyschlag/Draloric/BC Components,VDRH,https://www.vishay.com/docs/29082/vdrh.pdf,"VDRH10S300BSE, VDRH10S300TLE, VDRH10S300TME, VDRH10S300TSE"
15,TDK,AdvanceD,https://www.tdk-electronics.tdk.com/inf/70/db/var/SIOV_Leaded_AdvanceD.pdf?ref_disty=digikey,"B72210S2301K131, B72210S2301K162, B72210S2301K503, B72210S2301K361"
15,Eaton - Electronics Division,MOVHE,https://www.eaton.com/content/dam/eaton/products/electronic-components/resources/data-sheet/eaton-movhe-radial-leaded-metal-oxide-varistor-data-sheet-elx1288-en.pdf,"MOVHE10V300Y, MOVHE10V300Y-AP, MOVHE14V300Y, MOVHE14V300Y-AP"
13,Littelfuse Inc.,LV UltraMOV™; UltraMOV®; UltraMOV™,https://www.littelfuse.com/assetdocs/varistors-ultramov-datasheet?assetguid=00498970-451b-4e23-a419-f1ff8625d2a0,"V10E300PL4B, V10E300PL2A5X2855, V14E300PL1B1, V20E300PL1B7"
12,Littelfuse Inc.,LA; UltraMOV™,https://electronicscatalogs.littelfuse.com/data/lsb20flx/011/html/export/Smart%20Building%20Application%20Guide.pdf,"V300LA20APX2855, V300LA40APX10, V300LA40APX2855, V320LA20APX1347"
12,Bourns Inc.,MOV-20DxxxK,https://www.bourns.com/docs/Product-Datasheets/MOV20D.pdf,"MOV-20D471K, MOV-20D471KTR, MOV-20D471KKTR, MOV-20D471KK"
12,Littelfuse Inc.,TMOV® 34S,https://www.littelfuse.com/assetdocs/littelfuse-varistor-tmov34s-datasheet?assetguid=ce0d381a-032d-423d-8ee3-e628e8a31fea,"TMOV34S301EP, TMOV34S301MP, TMOV34S301MPX2696, TMOV34S321MP"
10,Thinking Electronics Industrial Co.,TVR; TVR-D; TVR-V,https://www.thinking.com.tw/upload/product/files/en-Metal%20Oxide%20Varistor-TVR%20Series.pdf,"TVR10471KSV, TVR10471KSW, TVR14471KSY, TVR20471KSY"
10,Vishay Beyschlag/Draloric/BC Components,VDRUS,https://www.vishay.com/docs/29185/vdrus.pdf,"VDRUS10T300BSE, VDRUS14X300BKE, VDRUS14X300BSE, VDRUS20Z300BSE"
10,Littelfuse Inc.,AUMOV®; AUMOV™,https://www.littelfuse.com/assetdocs/varistors-aumov-datasheet?assetguid=bb63149a-3c1e-4608-8360-71453fc92229,"V20H300AUTO, V10H300AUTO, V14H300AUTO, V20H300AUTOL1A"
9,TDK,AdvanceD MP,https://product.tdk.com/system/files/dam/doc/product/protection/voltage/lead-disk-varistor/data_sheet/70/db/var/siov_leaded_advanced_mp_10mm.pdf,"B72210P2301K151, B72210P2301K502, B72210P2301K302, B72210P2301K691"
9,Littelfuse Inc.,AUMOV®; AUMOV™,//mm.digikey.com/Volume0/opasdata/d220001/medias/docus/7179/littelfusevaristoraumovdatasheetpdf.pdf,"V10H300AUTO3T, V14H300AUTO2T, V14H300AUTO1T, V14H300AUTO3T"
9,Eaton - Electronics Division,MOV,https://www.eaton.com/content/dam/eaton/products/electronic-components/resources/data-sheet/eaton-mov-radial-leaded-metal-oxide-varistor-data-sheet-elx1287-en.pdf,"MOV14V300Y, MOV14V300Y-AP, MOV20V300Y, MOV14V320Y"
8,Bourns Inc.,SV,https://www.bourns.com/docs/product-datasheets/sv_series.pdf,"SV300K10BL1, SV300K14BL1, SV300K20BL1, SV300K23BL1"
8,TDK,AdvanceD; StandarD,https://product.tdk.com/system/files/dam/doc/product/protection/voltage/thermofuse-varistor/data_sheet/70/db/var/siov_housed_t20_20series.pdf,"B72220S0301K503, B72220S0301K505, B72220S0301K553, B72220S2301K504"
8,Eaton - Electronics Division,MOVTP,https://www.eaton.com/content/dam/eaton/products/electronic-components/resources/data-sheet/eaton-movtp-metal-oxide-varistor-thermal-protected-data-sheet-elx1079-en.pdf,"MOVTP14V300N, MOVTP14V300T, MOVTP20V300N, MOVTP20V300T"
6,Bourns Inc.,MOV-14DxxxK,https://www.bourns.com/docs/product-datasheets/mov14d.pdf,"MOV-14D471KK, MOV-14D471KKTR, MOV-14D511KK, MOV-14D511KKTR"
6,Shenzhen Ruilongyuan Electronics Co.Ltd,14D,https://www.ruilon.com.cn/Uploads/pdf/14d%20series_a2.pdf,"14D471K, 14D471KJ, 14D511K, 14D511KJ"
5,Littelfuse Inc.,LV UltraMOV®; UltraMOV®; UltraMOV™,https://www.littelfuse.com/assetdocs/littelfuse-varistor-ultramov-datasheet?assetguid=00498970-451b-4e23-a419-f1ff8625d2a0,"V10E300PL1A7, V14E320PL1B7, V14E320PL1T7, V14P320PL2T"
5,Shenzhen Ruilongyuan Electronics Co.Ltd,20D,https://www.ruilon.com.cn/Uploads/pdf/20d.pdf,"20D471K, 20D471KJ, 20D511K, 20D511KJ"
5,Littelfuse Inc.,DHB34,https://www.littelfuse.com/assetdocs/littelfuse_varistor_dhb34_datasheet.pdf?assetguid=740f93f0-c10a-457d-af68-a5bc2b03fd9a,"V301DHB34, V321DHB34, V331DHB34, V531DHB34"
4,Littelfuse Inc.,LA,https://www.littelfuse.com/assetdocs/littelfuse_varistor_la_datasheet.pdf?assetguid=f7c547ce-c2fa-4789-86cc-ec39a5060afb,"V300LA20AP, V300LA40AP, V320LA20AP, V320LA40BP"
4,TDK,EnergetiQ; StandarD,https://www.tdk-electronics.tdk.com/inf/70/db/var/SIOV_Leaded_EnergetiQ.pdf,"B72214Q0301K101, B72220Q0301K101, B72214Q0321K101, B72220Q0321K101"
4,Littelfuse Inc.,TMOV® 25S,https://www.littelfuse.com/assetdocs/tmov25s?assetguid=19f0f08e-7381-4bcc-bdba-a5f6e51c63a7,"TMOV25SP300M, TMOV25SP300E, TMOV25SP320E, TMOV25SP320M"
4,Littelfuse Inc.,HB34,https://www.littelfuse.com/assetdocs/littelfuse-varistor-hb34-hf34-hg34-datasheet?assetguid=92f0e697-3984-4012-9e17-09e994d9c050,"V301HB34, V321HB34, V331HB34, V351HB34"
3,TDK,AdvanceD MP,https://www.tdk-electronics.tdk.com/inf/70/db/var/SIOV_Leaded_AdvanceD_MP_10mm.pdf,"B72210P2301K101, B72210P2321K101, B72210P2351K101"
3,YAGEO,10D,https://yageogroup.com/content/datasheet/asset/file/10D_1,"471KD10J, 511KD10J, 561KD10J"
3,TDK,S14 Compact,https://www.tdk-electronics.tdk.com/inf/70/ds/SIOV_Leaded_StandarD_S14_compact_series.pdf,"B72314S0301K101, B72314S0321K101, B72314S0351K101"
3,Shenzhen Ruilongyuan Electronics Co.Ltd,10D,https://www.ruilon.com.cn/Uploads/pdf/10d%20series_a2.pdf,"10D471KJ, 10D511KJ, 10D561KJ"
3,Vishay Beyschlag/Draloric/BC Components,VDRUS,https://www.vishay.com/doc?29185,"VDRUS10T300BKE, VDRUS14X300TSE, VDRUS20Z300BKE"
3,TDK,S14 Compact,https://www.tdk-electronics.tdk.com/inf/70/ds/SIOV_Leaded_AdvanceD_S14_compact_series.pdf,"B72314S2301K101, B72314S2321K101, B72314S2351K101"
3,TDK,AdvanceD MP,https://product.tdk.com/en/system/files?file=dam/doc/product/protection/voltage/lead-disk-varistor/data_sheet/70/db/var/siov_leaded_advanced_mp_14mm.pdf,"B72214P2301K101, B72214P2321K101, B72214P2351K101"
3,TDK,AdvanceD MP Compact,https://product.tdk.com/system/files/dam/doc/product/protection/voltage/lead-disk-varistor/data_sheet/70/db/var/siov_leaded_advanced_mp_compact_s14_series.pdf,"B72314P2301K101, B72314P2321K101, B72314P2351K101"
3,Meritek,MVR-S,https://www.meritekusa.com/wp-content/uploads/2018/05/MOV-High-Surge-MVR-S-Series.pdf,"MVR14D471K-S, MVR14D511K-S, MVR20D511K-S"
3,Shenzhen Ruilongyuan Electronics Co.Ltd,KOV14D-Tb,https://www.ruilon.com.cn/Uploads/pdf/kov14d-tb%20series_a2.pdf,"KOV14D-300Tb, KOV14D-320Tb, KOV14D-350Tb"
3,Shenzhen Ruilongyuan Electronics Co.Ltd,KOV14D-T,https://www.ruilon.com.cn/Uploads/pdf/kov14d-t%20series_a2.pdf,"KOV14D-300T, KOV14D-320T, KOV14D-350T"
3,TDK,Superior MP,https://www.tdk-electronics.tdk.com/inf/70/db/var/SIOV_Leaded_SuperioR_MP_S20.pdf,"B72220P3301K101, B72220P3321K101, B72220P3351K101"
3,Shenzhen Ruilongyuan Electronics Co.Ltd,KOV20D-Tb,https://www.ruilon.com.cn/Uploads/pdf/kov20d-tb%20series_a3.pdf,"KOV20D-300Tb, KOV20D-320Tb, KOV20D-350Tb"
3,Shenzhen Ruilongyuan Electronics Co.Ltd,KOV20D-T,https://www.ruilon.com.cn/Uploads/pdf/kov20d-t%20series_a2.pdf,"KOV20D-300T, KOV20D-320T, KOV20D-350T"
3,Shenzhen Ruilongyuan Electronics Co.Ltd,KOV25D-Tb,https://www.ruilon.com.cn/Uploads/pdf/kov25d-tb%20series_a0.pdf,"KOV25D-300Tb, KOV25D-320Tb, KOV25D-350Tb"
3,Shenzhen Ruilongyuan Electronics Co.Ltd,KOV25D-T,https://www.ruilon.com.cn/Uploads/pdf/kov25d-t%20series_a0.pdf,"KOV25D-300T, KOV25D-320T, KOV25D-350T"
3,YAGEO,25D,https://yageogroup.com/content/datasheet/asset/file/25D_1,"471KD25, 511KD25, 561KD25"
3,YAGEO,25D,https://yageogroup.com/content/Resource%20Library/Datasheet/25D_1.pdf,"471KD25-P12.5, 511KD25-P12.5, 561KD25-P12.5"
3,Littelfuse Inc.,UltraMOV™ 25S,https://www.littelfuse.com/assetdocs/littelfuse-varistor-ultramov25s-datasheet?assetguid=af1f227f-82cf-4cd4-8ee1-09ee9d672ac0,"V25S300P, V25S320P, V25S320PX1347"
3,YAGEO,34S,https://www.yageo.com/upload/media/product/app/datasheet/cpc/mov/34s.pdf,"471KS34, 511KS34, 561KS34"
3,YAGEO,53D,https://www.yageo.com/upload/media/product/app/datasheet/cpc/mov/53d.pdf,"471KD53, 511KD53, 561KD53"
3,TDK,AdvanceD; StandarD; Superior MP,https://product.tdk.com/info/en/catalog/datasheets/70/db/var/SIOV_SNF_Automotive.pdf,"B72210S2321K161, B72220P3321K503, B72214S0351K103"
3,YAGEO,14K; 20K,https://yageogroup.com/content/datasheet/asset/file/14K_1,"511KK14, 511KK14J, 511KK20J"
3,Meritek,MVR,https://www.meritekusa.com/wp-content/uploads/2018/06/MOV-Standard-MVR-Series.pdf,"MVR14D511K, MVR20D511K, MVR14D561K"
3,TDK,SNF AdvanceD,https://www.tdk-electronics.tdk.com/inf/70/db/var/SIOV_SNF_AdvanceD.pdf,"B72214U2321K501, B72220U2321K501, B72210U2351K501"
2,Littelfuse Inc.,UltraMOV®,//mm.digikey.com/Volume0/opasdata/d220001/medias/docus/7030/18_V10E300PL1A.pdf,"V10E300PL1A, V10E320PL1A7"
2,TDK,AdvanceD,https://www.tdk-electronics.tdk.com/inf/70/db/var/SIOV_Leaded_AdvanceD.pdf,"B72210S2301K101, B72210S2301K551"
2,YAGEO,10H,https://yageogroup.com/content/datasheet/asset/file/10H_1,"471KH10J, 561KH10J"
2,YAGEO,10K; 14K,https://yageogroup.com/content/datasheet/asset/file/10K_1,"471KK14, 561KK10J"
2,Thinking Electronics Industrial Co.,TVR,https://www.thinking.com.tw/upload/productdesigntools2/files/en-Metal%20Oxide%20Varistor-TVR%20Series.pdf,"TVR14471KSABU, TVR14561KSARW"
2,TDK,AdvanceD MP,https://www.tdk-electronics.tdk.com/inf/70/db/var/SIOV_Leaded_AdvanceD_MP_S14_compact_series.pdf?ref_disty=digikey,"B72214P2301K392, B72214P2321K502"
2,Littelfuse Inc.,Xtreme Varistor,https://www.littelfuse.com/assetdocs/littelfuse-varistor-xtreme-datasheet?assetguid=644323ff-c45d-4c6a-8e5e-9cfa0dce088b,"V14X300EL2T, V14X350EL3T7"
2,SETsafe | SETfuse,*,https://setfuse.com/SdwlUploads/Ed/file/20251120/MOV%2020D_SETsafe%20&%20SETfuse.pdf,"SFV20D471K, SFV20D511K"
2,TDK,"SuperioR, S25",https://www.tdk-electronics.tdk.com/inf/70/db/var/SIOV_Leaded_SuperioR_S25.pdf,"B72225S4301K101, B72225S4321K101"
2,Littelfuse Inc.,AUMOV™,https://www.littelfuse.com/assetdocs/littelfuse-varistor-aumov-datasheet?assetguid=bb63149a-3c1e-4608-8360-71453fc92229,"V14H320AUTO, V20H320AUTO"
2,TDK,Superior MP,https://product.tdk.com/system/files/dam/doc/product/protection/voltage/lead-disk-varistor/data_sheet/70/db/var/siov_leaded_superior_mp_s20.pdf,"B72220P3321K501, B72220P3321K302"
1,Littelfuse Inc.,UltraMOV®,https://www.littelfuse.com/assetdocs/varistors-lv-ultramov-datasheet?assetguid=293ecf97-62b0-4b10-a8a2-65c9fb8c7295,V14P300PL2B
1,TDK,StandarD,https://www.tdk-electronics.tdk.com/inf/70/db/var/SIOV_SNF_Automotive.pdf?ref_disty=digikey,B72214X2301K501
1,TDK,SNF AdvanceD-MP,https://www.tdk-electronics.tdk.com/inf/70/db/var/SIOV_SNF_AdvanceD_MP_14mm.pdf,B72214U2301K502
1,Harris Corporation,LA,https://rocelec.widen.net/view/pdf/hbwe2rofun/LFSIS10086-1.pdf?t.download=true&u=5oefqw,V300LA40A
1,Littelfuse Inc.,LC,https://www.littelfuse.com/assetdocs/varistors-la-datasheet?assetguid=f7c547ce-c2fa-4789-86cc-ec39a5060afb,V300LC40APX10
1,YAGEO,20K,https://yageogroup.com/content/datasheet/asset/file/20K_1,471KK20J
1,Harris Corporation,LS,https://rocelec.widen.net/view/pdf/oo9sikmcv2/LFSIS09716-1.pdf?t.download=true&u=5oefqw,V320LS40B
1,Würth Elektronik,WE-VD,https://www.we-online.com/components/products/datasheet/820523211.pdf,820523211
1,Littelfuse Inc.,HMOV™,https://www.littelfuse.com./assetdocs/littelfuse-varistors-hmov-datasheet?assetguid=19712a7a-9371-4973-bba5-3501b24e1529,V20H320PL3B1
1,TDK,SuperioR,https://product.tdk.com/en/system/files?file=dam/doc/product/protection/voltage/lead-disk-varistor/data_sheet/70/db/var/siov_snf_superior_mp_s20.pdf,B72220U3321K502
1,SETsafe | SETfuse,*,https://setfuse.com/SdwlUploads/Ed/file/20251120/MOV%2010D_SETsafe%20&%20SETfuse.pdf,SFV10D561K
1,Thinking Electronic,TVR,https://www.thinking.com.tw/upload/productdesigntools2/files/en-Varistor-TVR-D%20Series.pdf,TVR14561KSARW
